자치구,충전소명,위도,경도,급속충전기(대),완속충전기(대)
강남구,LH강남힐스테이트,37.47102737426758,127.08878326416016,1,4
강남구,LH서울지사,37.51447296142578,127.04086303710938,1,0
강남구,가람아파트,37.481773376464844,127.08560943603516,1,0
강남구,강남구청 공영주차장,37.517704010009766,127.04682159423828,1,0
강남구,강남데시앙파크,37.46104431152344,127.1015396118164,1,1
강남구,강남데시앙포레,37.48080825805664,127.09049224853516,1,3
강남구,강남세브란스 병원,37.492950439453125,127.04625701904297,2,0
강남구,강남아이파크,37.47477340698242,127.1011962890625,1,1
강남구,강남한신휴 플러스8단지,37.469852447509766,127.11074829101562,0,2
강남구,강남한신휴플러스6단지 아파트,37.46809387207031,127.1053695678711,1,2
강남구,강남한양수자인,37.47590637207031,127.11298370361328,1,4
강남구,개나리래미안 아파트,37.49897766113281,127.04659271240234,1,2
강남구,개나리푸르지오,37.49967575073242,127.04957580566406,0,3
강남구,개포7차 우성 아파트,37.49324417114258,127.07911682128906,1,1
강남구,공무원연금공단 서울지부(상록회관),37.50410079956055,127.0429458618164,1,0
강남구,금호어울림 아파트(삼성동),37.51673126220703,127.06471252441406,0,1
강남구,대치2문화센터 공영주차장,37.50233459472656,127.06421661376953,1,0
강남구,대치현대 아파트,37.500450134277344,127.06050872802734,1,1
강남구,도곡대림아크로빌,37.48814010620117,127.05067443847656,1,0
강남구,도곡렉슬 아파트,37.49420928955078,127.04973602294922,2,2
강남구,도성 아파트,37.50113296508789,127.05831909179688,0,2
강남구,라테라스삼성,37.51548767089844,127.06571960449219,0,1
강남구,래미안강남힐즈,37.47265625,127.09580993652344,1,2
강남구,래미안그레이튼,37.49656677246094,127.0482406616211,1,1
강남구,래미안대치팰리스,37.49343490600586,127.05770111083984,2,0
강남구,래미안대치하이스턴 아파트,37.50151062011719,127.06547546386719,1,1
강남구,래미안삼성1차,37.51716232299805,127.06393432617188,0,2
강남구,삼성동 에스케이뷰 아파트,37.516319274902344,127.06486511230469,0,1
강남구,삼성동한일아파트,37.513938903808594,127.05003356933594,0,1
강남구,삼성동현대아파트,37.516761779785156,127.04460906982422,0,1
강남구,삼성동힐스테이트2단지,37.513790130615234,127.0514144897461,1,3
강남구,삼성우정에쉐르아파트,37.51728057861328,127.04450988769531,0,2
강남구,삼성중앙하이츠빌리지,37.516578674316406,127.0465087890625,0,1
강남구,삼성파크 아파트,37.509212493896484,127.05382537841797,0,2
강남구,샘터마을 아파트,37.485198974609375,127.08267211914062,1,0
강남구,세곡리엔파크1단지,37.4640998840332,127.10096740722656,0,3
강남구,세곡리엔파크2단지 아파트,37.4640998840332,127.10285186767578,1,0
강남구,세곡리엔파크3단지,37.463951110839844,127.10411071777344,1,1
강남구,세곡푸르지오아파트,37.46735382080078,127.09342956542969,1,1
강남구,아이파크삼성동,37.51839828491211,127.0595474243164,1,0
강남구,아크로힐스논현,37.50957107543945,127.03870391845703,1,2
강남구,압구정하이츠파크,37.524085998535156,127.03359985351562,0,2
강남구,역삼2차아이파크아파트,37.49674606323242,127.05160522460938,0,3
강남구,역삼e-편한세상,37.498558044433594,127.04972076416016,1,3
강남구,역삼래미안,37.497196197509766,127.05015563964844,1,4
강남구,우정에쉐르 3차,37.506874084472656,127.06222534179688,0,1
강남구,청담래미안로이뷰,37.52476119995117,127.05621337890625,0,1
강남구,청담자이 아파트,37.52410125732422,127.0572509765625,1,3
강남구,청담파크파라곤,37.52138137817383,127.05455017089844,0,1
강남구,타워팰리스 2차,37.489479064941406,127.05403900146484,1,1
강남구,타워팰리스1차,37.488067626953125,127.05348205566406,1,4
강남구,타워팰리스G동,37.487762451171875,127.05252838134766,1,2
강남구,헌릉로745길 노상주차장,37.47025680541992,127.11846160888672,1,0
강남구,현대까르띠에710아파트,37.501522064208984,127.04492950439453,0,2
강동구,GS강동자이 아파트,37.53752517700195,127.1487045288086,1,2
강동구,강동보건소,37.529441833496094,127.12553405761719,1,0
강동구,강동송파지사,37.52386474609375,127.13566589355469,1,3
강동구,강동아트센터(강동문화재단),37.55118179321289,127.1573257446289,2,0
강동구,강동헤르셔,37.53682327270508,127.13326263427734,1,2
강동구,강일리버파크 6단지,37.56446075439453,127.1758804321289,1,0
강동구,강일리버파크10단지,37.55900192260742,127.18087005615234,1,0
강동구,강일리버파크11단지,37.5628547668457,127.17973327636719,0,1
강동구,강일리버파크3단지,37.56740951538086,127.17466735839844,1,1
강동구,강일리버파크5단지,37.567726135253906,127.1784439086914,1,3
강동구,강일리버파크7단지 아파트,37.56525421142578,127.17893981933594,1,3
강동구,경보그레이스 힐,37.531005859375,127.13543701171875,0,2
강동구,고덕리엔파크1단지,37.5617561340332,127.1721420288086,0,2
강동구,고덕리엔파크3단지 아파트,37.5537109375,127.17501831054688,2,6
강동구,고덕아이파크,37.559165954589844,127.15473937988281,1,3
강동구,길동삼익파크,37.54481887817383,127.14779663085938,1,2
강동구,대우한강베네시티 아파트,37.54035949707031,127.12483978271484,0,2
강동구,둔촌푸르지오아파트,37.53387451171875,127.14752960205078,1,3
강동구,명일동 공영주차장,37.55119323730469,127.1429214477539,2,0
강동구,명일한양아파트,37.550838470458984,127.15531158447266,1,0
강동구,삼익가든아파트,37.5458869934082,127.1466293334961,0,2
강동구,성내1차이편한세상,37.53331756591797,127.1310806274414,0,2
강동구,성내동중앙하이츠,37.530517578125,127.13353729248047,0,1
강동구,성내삼성 아파트,37.532047271728516,127.12663269042969,1,4
강동구,신성둔촌미소지움아파트 입주자대표회의,37.52791213989258,127.14299011230469,1,2
강동구,암사라인 아파트,37.55538558959961,127.13147735595703,0,1
강동구,암펠로스타워,37.52894592285156,127.14279174804688,0,1
강동구,천호1동 공영주차장,37.545047760009766,127.13628387451172,2,0
강동구,천호유수지,37.5447883605957,127.12187957763672,2,0
강동구,한강포스파크아파트,37.5560302734375,127.13394165039062,0,1
강동구,한강현대 아파트,37.55615997314453,127.13201141357422,1,2
강동구,현대백화점 천호점,37.539424896240234,127.12432861328125,3,0
강동구,홈플러스 강동점,37.545406341552734,127.1422348022461,1,0
강동구,힐스테이트 강동리버뷰,37.54882049560547,127.12537384033203,0,5
강북구,강북문화예술회관,37.64078903198242,127.013427734375,1,0
강북구,강북성북지사,37.630924224853516,127.02481842041016,0,7
강북구,강북성북지사(공용),37.630924224853516,127.02481842041016,6,2
강북구,래미안미아1차 아파트,37.625667572021484,127.01898956298828,1,1
강북구,미아동부센트레빌,37.61374282836914,127.02589416503906,1,2
강북구,미아한일유앤아이APT,37.6140251159668,127.0364990234375,0,2
강북구,북서울꿈의숲,37.621543884277344,127.04129028320312,2,0
강북구,해모로아파트,37.6265983581543,127.03789520263672,1,0
강북구,효성네오인텔리안,37.638763427734375,127.02693176269531,0,2
강서구,e편한세상염창,37.548763275146484,126.87039184570312,0,5
강서구,강서경찰서 민원인주차장,37.55127716064453,126.85001373291016,1,0
강서구,강서한강자이아파트,37.566471099853516,126.8481216430664,1,1
강서구,마곡 이웰메디파크,37.55786895751953,126.83494567871094,1,0
강서구,마곡13단지 힐스테이트마스터,37.55759048461914,126.81829071044922,1,2
강서구,마곡수명산파크1단지,37.553565979003906,126.83053588867188,1,2
강서구,마곡수명산파크3단지,37.551856994628906,126.82470703125,1,1
강서구,마곡수명산파크5단지,37.55158615112305,126.82758331298828,1,2
강서구,마곡수명산파크6단지,37.54987716674805,126.82582092285156,1,1
강서구,마곡수명산파크7단지,37.547664642333984,126.8219223022461,1,3
강서구,마곡수명산파크8단지,37.55097579956055,126.8285903930664,0,1
강서구,마곡엠밸리11단지아파트,37.55883026123047,126.82048034667969,0,2
강서구,마곡엠밸리2단지,37.56961441040039,126.81952667236328,0,3
강서구,마곡엠밸리3단지,37.56853103637695,126.81971740722656,1,2
강서구,마곡엠밸리6단지,37.564273834228516,126.82054138183594,1,4
강서구,마곡엠밸리8단지,37.5640754699707,126.81997680664062,1,0
강서구,마곡힐스테이트,37.56409454345703,126.81806182861328,1,3
강서구,미주진로아파트,37.559837341308594,126.84703063964844,0,2
강서구,방화5단지 아파트,37.57680130004883,126.81028747558594,1,3
강서구,방화동부센트레빌,37.57440185546875,126.81407165527344,1,0
강서구,방화동성아파트,37.57940673828125,126.81259155273438,1,3
강서구,서울남부출입국 외국인사무소,37.561248779296875,126.82137298583984,1,0
강서구,염창힐스테이트 아파트,37.55161666870117,126.87333679199219,0,1
강서구,한국공항공사 고객전용주차장,37.56526565551758,126.80004119873047,1,0
강서구,한국공항공사 서울,37.56428527832031,126.80026245117188,4,0
강서구,한사랑2차삼성 아파트,37.55438232421875,126.86405181884766,1,2
강서구,화곡초록 아파트,37.54528045654297,126.83296966552734,1,0
관악구,관악구 종합체육센타,37.472923278808594,126.96009063720703,1,0
관악구,관악구 평생학습관,37.48295211791992,126.92242431640625,1,0
관악구,관악동부센트레빌 아파트,37.48729705810547,126.95015716552734,1,1
관악구,관악동작 견인차량 보관소,37.48469543457031,126.90406799316406,1,0
관악구,관악벽산블루밍,37.49011993408203,126.94448852539062,2,0
관악구,대우신림2차푸르지오,37.46106719970703,126.91987609863281,1,0
관악구,보라매삼성 아파트,37.49339294433594,126.92781829833984,1,2
관악구,봉천건영6차아파트,37.47710418701172,126.951904296875,0,1
관악구,서울대입구아이원,37.47831344604492,126.94537353515625,1,1
관악구,신동아 아파트,37.44969940185547,129.17572021484375,0,1
관악구,신동아 아파트,37.464332580566406,126.94047546386719,0,1
관악구,신림 주공2단지,37.46424865722656,126.92662048339844,0,3
관악구,신림동부센트레빌,37.47295379638672,126.91606140136719,0,2
관악구,신림서초 아파트,37.46402359008789,126.93224334716797,0,2
관악구,신림쌍용 아파트,37.47282791137695,126.91217803955078,1,2
관악구,은천2단지 아파트,37.470664978027344,126.96456146240234,1,1
관악구,청광 아파트,37.46769714355469,126.9420394897461,0,1
광진구,강변테크노마트 주차장,37.53569793701172,127.09576416015625,5,1
광진구,광장힐스테이트 아파트,37.5433235168457,127.10004425048828,1,2
광진구,광진구청 주차장,37.53828048706055,127.08206939697266,1,0
광진구,광진하우스토리한강,37.5300407409668,127.09033966064453,0,1
광진구,구의삼성쉐르빌상가,37.539939880371094,127.0946044921875,3,0
광진구,구의삼성쉐르빌아파트,37.539955139160156,127.09488677978516,0,5
광진구,더샵스타시티 아파트,37.537147521972656,127.07340240478516,1,4
광진구,뚝도충전소,37.53630828857422,127.06942749023438,2,1
광진구,자양10차현대홈타운,37.53339767456055,127.07044219970703,0,2
광진구,자양2동유수지 공영주차장,37.52962112426758,127.07696533203125,2,0
광진구,자양금강KCC 아파트,37.537349700927734,127.07411193847656,0,2
광진구,장로회신학대학교,37.5494499206543,127.10482788085938,2,0
구로구,개봉대상아파트,37.48228073120117,126.84989929199219,0,2
구로구,개봉영화 아파트,37.496395111083984,126.8602294921875,1,1
구로구,경남1차 아파트,37.50581359863281,126.8625259399414,0,2
구로구,고척LIG리가 아파트,37.505699157714844,126.86150360107422,1,2
구로구,고척근린공원 지하주차장,37.50398635864258,126.85245513916016,1,0
구로구,고척벽산블루밍 아파트,37.49446105957031,126.86438751220703,1,1
구로구,고척스카이돔,37.49852752685547,126.86627197265625,3,0
구로구,고척파크푸르지오,37.5076789855957,126.85838317871094,1,3
구로구,구로4동 주택가 공동,37.48951721191406,126.88689422607422,1,0
구로구,구로구청 주차장,37.49494934082031,126.88748931884766,1,0
구로구,구로리공원,37.49052047729492,126.89151763916016,1,0
구로구,구로삼성래미안,37.48750686645508,126.89202880859375,1,2
구로구,구로성호메이플라워,37.49690246582031,126.89138793945312,0,2
구로구,구로아트밸리 지하1층,37.4969482421875,126.88955688476562,1,0
구로구,구로아트밸리 지하2층,37.4969482421875,126.88955688476562,1,0
구로구,구로중앙하이츠아파트,37.49877166748047,126.88050842285156,0,2
구로구,근상프리즘아파트,37.498294830322266,126.87548828125,0,1
구로구,동아한신아파트,37.50094985961914,126.86540222167969,1,2
구로구,롯데 아파트,37.50312805175781,126.8837661743164,1,1
구로구,신구로자이 아파트,37.49992752075195,126.88445281982422,0,2
구로구,신도림 쌍용플래티넘노블,37.50077438354492,126.89165496826172,0,2
구로구,신도림7차e-편한세상아파트,37.50827407836914,126.88246154785156,0,3
구로구,신도림동아1차 아파트,37.510894775390625,126.88337707519531,1,3
구로구,오류푸르지오,37.49168014526367,126.84158325195312,1,1
구로구,천왕연지타운1단지,37.48643112182617,126.84001922607422,1,2
구로구,천왕이펜하우스2단지,37.4852294921875,126.83808898925781,1,3
구로구,천왕이펜하우스4단지 아파트,37.48080062866211,126.83859252929688,1,2
구로구,천왕이펜하우스5단지,37.48072814941406,126.8421630859375,1,3
구로구,하늘공원 공영주차장,37.487239837646484,126.88053131103516,1,0
구로구,항동하버라인3단지,37.47964859008789,126.82426452636719,0,10
금천구,금나래체육문화센타,37.458988189697266,126.89617156982422,1,0
금천구,금천구청 지상 주차장,37.45724868774414,126.89595794677734,1,0
금천구,남서울힐스테이트아파트,37.446617126464844,126.90216064453125,2,2
금천구,메이퀸 웨딩홀,37.47264862060547,126.89753723144531,2,0
금천구,지식산업센터(대륭테크노타운2차),37.46869659423828,126.88463592529297,1,0
금천구,지식산업센터(동일테크노타운8차),37.46939468383789,126.8934326171875,1,0
노원구,공릉2단지라이프 아파트,37.63035202026367,127.06666564941406,1,0
노원구,공릉8단지청솔아파트,37.623111724853516,127.08616638183594,0,2
노원구,공릉대동 아파트,37.62005615234375,127.0725326538086,0,1
노원구,공릉대동2차,37.62671661376953,127.07025146484375,0,2
노원구,공릉대아2차 아파트,37.6231575012207,127.07147979736328,0,2
노원구,공릉동부 아파트,37.62800216674805,127.07886505126953,0,2
노원구,공릉동현대성우 아파트,37.62660217285156,127.07743072509766,0,2
노원구,공릉비선아파트,37.62552261352539,127.08799743652344,1,2
노원구,공릉풍림아파트,37.629093170166016,127.06749725341797,1,2
노원구,노원구청,37.65375518798828,127.05695343017578,1,0
노원구,노원도봉지사,37.6539192199707,127.0556640625,1,4
노원구,노원우성아파트,37.65776062011719,127.06505584716797,0,2
노원구,노원프레미어스엠코,37.618446350097656,127.07638549804688,0,2
노원구,대주파크빌 아파트,37.621498107910156,127.07217407226562,0,2
노원구,동신 아파트,37.628448486328125,127.07694244384766,1,1
노원구,동진신안 아파트,37.65016174316406,127.07865142822266,1,1
노원구,롯데우성 아파트,37.646995544433594,127.07350158691406,1,0
노원구,미주동방벽운 아파트,37.681034088134766,127.0557632446289,0,2
노원구,북서울시립미술관,37.640838623046875,127.06678009033203,4,0
노원구,삼육대학교,37.643009185791016,127.10841369628906,2,0
노원구,상계동아불암아파트,37.66673278808594,127.07943725585938,1,2
노원구,상계동양 아파트,37.657127380371094,127.06427764892578,1,2
노원구,상계신동아 아파트,37.66757583618164,127.06787872314453,1,2
노원구,상계주공15단지,37.669437408447266,127.05424499511719,2,0
노원구,상계주공16단지아파트,37.668785095214844,127.05372619628906,1,1
노원구,서울과학기술대학교,37.63300704956055,127.07754516601562,3,0
노원구,수락리버시티3단지,37.6871337890625,127.05442810058594,1,1
노원구,월계동세양청마루 아파트,37.62065887451172,127.06072998046875,0,2
노원구,월계우남 아파트,37.615848541259766,127.06753540039062,0,2
노원구,월계청백1단지 아파트,37.63478469848633,127.0526123046875,1,2
노원구,중계건영3차아파트,37.64858627319336,127.07465362548828,1,1
노원구,중계경남롯데상아 아파트,37.6389274597168,127.06300354003906,2,0
노원구,중계삼성 아파트,37.64883041381836,127.08352661132812,1,2
노원구,중계센트럴파크,37.64329528808594,127.05973052978516,1,0
노원구,중계우성3차아파트,37.6527214050293,127.0732421875,0,2
노원구,중계주공4단지 아파트,37.656063079833984,127.07617950439453,1,3
노원구,중계현대2차 아파트,37.656070709228516,127.0736312866211,0,1
노원구,학여울청구 아파트,37.63557052612305,127.06175231933594,1,4
노원구,한국원자력의학원,37.62839889526367,127.08226776123047,1,0
노원구,현대그린 아파트,37.64689254760742,127.0845718383789,0,2
노원구,화랑타운,37.62352752685547,127.08821868896484,1,2
도봉구,대상타운현대아파트,37.66466522216797,127.04872131347656,1,2
도봉구,도깨비시장 공영주차장,37.66456985473633,127.03398132324219,1,0
도봉구,도봉구민회관,37.653778076171875,127.03829193115234,1,0
도봉구,도봉구청,37.66917419433594,127.0470962524414,1,0
도봉구,도봉서원 아파트,37.672821044921875,127.04813385009766,2,0
도봉구,도봉현대성우 아파트,37.6762809753418,127.04733276367188,1,1
도봉구,동아에코빌 아파트,37.681793212890625,127.04713439941406,1,2
도봉구,동아청솔아파트,37.65703201293945,127.04814147949219,2,3
도봉구,방학3동 주민센터,37.65910339355469,127.02800750732422,1,0
도봉구,방학4단지신동아,37.66266632080078,127.0291748046875,1,2
도봉구,방학5단지 신동아 아파트,37.66321563720703,127.0287857055664,0,2
도봉구,방학극동 아파트,37.66395950317383,127.02671813964844,1,0
도봉구,방학금광포란재,37.66473388671875,127.04517364501953,0,2
도봉구,방학명품ESA2단지,37.66654586791992,127.04588317871094,0,2
도봉구,방학우성1차 아파트,37.65736389160156,127.02417755126953,1,3
도봉구,북한산코오롱하늘채 아파트,37.64840316772461,127.02285766601562,1,2
도봉구,서울가든 아파트,37.68686294555664,127.04100036621094,1,2
도봉구,쌍문미라보아파트,37.6553955078125,127.03144073486328,0,1
도봉구,쌍문염광 아파트,37.648685455322266,127.02610778808594,0,2
도봉구,쌍문한양6차 아파트,37.656002044677734,127.0294418334961,1,3
도봉구,창3동 주민센터,37.6380500793457,127.04292297363281,1,0
도봉구,창동2차현대아파트,37.66090393066406,127.04586029052734,1,2
도봉구,창동3차현대아파트,37.659690856933594,127.04591369628906,0,2
도봉구,창동대동 아파트,37.66155242919922,127.04388427734375,0,2
도봉구,창동대우아파트,37.6422233581543,127.03733825683594,1,0
도봉구,창동수산트리플 아파트,37.640411376953125,127.0342788696289,0,2
도봉구,창동쌍용 아파트,37.659786224365234,127.0481185913086,1,0
도봉구,창동주공18단지아파트,37.64651870727539,127.05269622802734,1,0
도봉구,창동주공19단지,37.65061950683594,127.05242919921875,2,2
도봉구,창동한승미메이드 아파트,37.632965087890625,127.04290771484375,1,1
도봉구,창동한신 아파트,37.63896942138672,127.04114532470703,0,1
도봉구,한일병원,37.64598846435547,127.02737426757812,1,0
도봉구,홈플러스 방학점,37.66609573364258,127.04473876953125,1,0
도봉구,효성하이타운,37.66126251220703,127.03306579589844,0,2
동대문구,답십리래미안위브1블럭,37.5716552734375,127.05429077148438,1,2
동대문구,답십리래미안위브2블럭,37.570247650146484,127.05279541015625,1,2
동대문구,동일스위트리버,37.58738327026367,127.06837463378906,1,0
동대문구,래미안엘파인 아파트,37.57539749145508,127.06535339355469,1,2
동대문구,배봉공영주차장,37.58732223510742,127.0622329711914,2,0
동대문구,브라운스톤휘경,37.59031295776367,127.06707000732422,1,0
동대문구,이문쌍용아파트,37.60000228881836,127.06864166259766,1,2
동대문구,장안힐스테이트 아파트,37.57595443725586,127.0754165649414,1,2
동대문구,전농sk 아파트,37.577205657958984,127.0613784790039,2,0
동대문구,청량리역사(한화역사),37.580810546875,127.04802703857422,2,0
동대문구,청솔우성,37.575382232666016,127.06066131591797,1,1
동대문구,회기동 공영주차장,37.59134292602539,127.05596160888672,2,0
동대문구,휘경베스트빌현대,37.58137893676758,127.07447814941406,1,1
동대문구,휘경주공1단지,37.58237075805664,127.0712661743164,1,4
동대문구,힐스테이트청계,37.5715446472168,127.04590606689453,1,0
동작구,관악동작지사,37.478309631347656,126.98095703125,1,5
동작구,대방성원 아파트,37.50973129272461,126.92591857910156,1,2
동작구,대방중간집하장 공영주차장,37.513885498046875,126.9309310913086,1,0
동작구,대우유로카운티,37.505401611328125,126.94931030273438,0,1
동작구,동작상떼빌 아파트,37.48789978027344,126.90693664550781,1,3
동작구,래미안상도3차아파트,37.49814987182617,126.9539794921875,1,1
동작구,보라매아카데미타워 아파트,37.491275787353516,126.9240951538086,0,2
동작구,빙수골 장미주차장,37.49330520629883,126.93367004394531,1,0
동작구,사당롯데캐슬샤인,37.49095916748047,126.97160339355469,1,1
동작구,상도대림 아파트,37.493186950683594,126.95326232910156,0,1
동작구,상도래미안1차 아파트,37.50602340698242,126.93548583984375,1,1
동작구,상도파크자이,37.505531311035156,126.93807983398438,1,1
동작구,서울시여성가족재단,37.511146545410156,126.92681121826172,1,0
동작구,숲속마을신동아파밀리에,37.4915771484375,126.91453552246094,0,2
동작구,신대방현대 아파트,37.49472427368164,126.91204071044922,1,1
동작구,이수힐스테이트,37.49463653564453,126.98196411132812,1,1
동작구,흑석한강센트레빌,37.50591278076172,126.96519470214844,1,3
동작구,힐스테이트상도프레스티지,37.4947509765625,126.94827270507812,1,1
마포구,e편한세상마포리버파크,37.541996002197266,126.94369506835938,1,3
마포구,공덕아이파크아파트,37.54472351074219,126.95579528808594,0,2
마포구,공덕파크자이1단지,37.5445442199707,126.9484634399414,0,2
마포구,공덕파크자이2단지,37.5453987121582,126.94667053222656,0,1
마포구,대명 아파트,37.56167221069336,126.9236068725586,0,1
마포구,래미안마포리버웰,37.54221725463867,126.94196319580078,1,3
마포구,래미안밤섬리베뉴1 아파트,37.54610824584961,126.92499542236328,1,2
마포구,래미안밤섬리베뉴2,37.54653549194336,126.92813873291016,1,3
마포구,롯데캐슬프레지던트,37.544864654541016,126.95073699951172,0,1
마포구,마포대림1차 아파트,37.540191650390625,126.94171905517578,0,2
마포구,마포도화우성아파트,37.53634262084961,126.94854736328125,1,1
마포구,마포래미안푸르지오 1단지,37.555274963378906,126.95394897460938,1,3
마포구,마포래미안푸르지오 2단지,37.5539665222168,126.95462036132812,1,4
마포구,마포래미안푸르지오 3단지,37.55404281616211,126.9515151977539,1,3
마포구,마포래미안푸르지오 4단지,37.552738189697266,126.95316314697266,1,4
마포구,마포용산지사,37.542198181152344,126.94718170166016,2,5
마포구,마포자이2차아파트,37.54915237426758,126.94237518310547,1,0
마포구,마포중앙도서관,37.56378936767578,126.908447265625,2,0
마포구,마포트라팰리스2차,37.55219650268555,126.9555435180664,0,2
마포구,마포한강2차 푸르지오아파트,37.55111312866211,126.91191864013672,0,5
마포구,마포한강푸르지오1차,37.5499153137207,126.91223907470703,0,3
마포구,메세나폴리스 아파트,37.551048278808594,126.91378784179688,1,3
마포구,브라운스톤공덕 아파트,37.54142379760742,126.95556640625,0,2
마포구,상암월드컵경기장,37.568382263183594,126.89494323730469,7,3
마포구,상암월드컵파크3단지,37.5736083984375,126.88965606689453,1,2
마포구,서울서부지방검찰청,37.54961395263672,126.95545196533203,1,0
마포구,서울신용보증재단,37.54902267456055,126.9540023803711,1,0
마포구,성지(주상복합) 아파트,37.54124069213867,126.9463882446289,0,2
마포구,신공덕3삼성래미안,37.54554748535156,126.95677947998047,0,2
마포구,신촌포스빌,37.55630111694336,126.9422378540039,1,1
마포구,쌍용황금,37.53712463378906,126.94564056396484,1,0
마포구,중부전력지사,37.54393768310547,126.91991424560547,0,2
마포구,중부전력지사,37.54426574707031,126.91644287109375,0,2
마포구,창전삼성 아파트,37.551292419433594,126.9314956665039,1,0
마포구,한강삼성 아파트,37.539554595947266,126.94116973876953,1,1
서대문구,DMC래미안e편한세상,37.57223129272461,126.90994262695312,1,4
서대문구,DMC센트럴아이파크아파트,37.57936096191406,126.92083740234375,0,6
서대문구,DMC아이파크 아파트,37.575439453125,126.9143295288086,1,0
서대문구,남가좌삼성 아파트,37.57827377319336,126.9166030883789,1,1
서대문구,돈의문센트레빌 아파트,37.566246032714844,126.96202850341797,1,1
서대문구,무악청구2차 아파트,37.580970764160156,126.95121765136719,0,1
서대문구,서부수도사업소,37.582889556884766,126.95235443115234,3,0
서대문구,연세대학교,37.56050491333008,126.93705749511719,3,0
서대문구,연세세브란스 에비슨의생명 연구센터,37.56401824951172,126.94234466552734,2,0
서대문구,연희대우 아파트,37.56166458129883,126.92955017089844,0,3
서대문구,연희동 홍연2교 옆 노상주차장,37.577510833740234,126.93103790283203,1,0
서대문구,연희동성원아파트,37.57625961303711,126.93901824951172,1,0
서대문구,인왕산한신휴플러스,37.58505630493164,126.94745635986328,0,2
서대문구,홍은1동 제4공영주차장,37.60124206542969,126.94942474365234,1,0
서초구,LH서초4단지 아파트,37.45822525024414,127.02416229248047,0,2
서초구,LH서초5단지,37.459129333496094,127.02554321289062,1,2
서초구,강남전력지사,37.485862731933594,127.02803039550781,0,1
서초구,구룡공원 공영주차장,37.4715576171875,127.04867553710938,1,0
서초구,국립 중앙도서관,37.49761962890625,127.00252532958984,2,0
서초구,남서울농협 하나로마트 우면점,37.45685577392578,127.01585388183594,1,0
서초구,대한무역투자진흥공사,37.465213775634766,127.04467010498047,2,0
서초구,동산마을 공영주차장,37.4700927734375,127.0443115234375,1,0
서초구,래미안서초7차 아파트,37.49238586425781,127.0175552368164,0,2
서초구,래미안서초스위트 아파트,37.502098083496094,127.01986694335938,1,2
서초구,롯데캐슬헤론,37.49699401855469,126.98472595214844,1,2
서초구,리첸시아방배,37.497276306152344,126.98573303222656,0,2
서초구,반포동방음언덕형 공영주차장,37.504791259765625,127.01862335205078,1,0
서초구,반포리체 아파트,37.50446701049805,127.012451171875,1,4
서초구,반포미도아파트,37.50115203857422,127.00862884521484,1,0
서초구,방배1차 e편한세상,37.487247467041016,126.99901580810547,0,2
서초구,방배3차e편한세상,37.494388580322266,126.99198913574219,0,2
서초구,방배동부센트레빌 아파트,37.497344970703125,126.98811340332031,0,2
서초구,방배롯데캐슬포레스트,37.491825103759766,126.9958724975586,0,2
서초구,방배복개도로 제2지역 공영주차장,37.48240661621094,126.98255920410156,1,0
서초구,삼창골든빌리지 입주자대표회의,37.493953704833984,126.99742126464844,0,2
서초구,서울시립어린이병원,37.455718994140625,127.06885528564453,1,0
서초구,서초2차e편한세상아파트,37.48631286621094,127.00924682617188,0,3
서초구,서초경남아너스빌201동,37.48381805419922,127.01417541503906,0,1
서초구,서초네이처힐1단지,37.463626861572266,127.0205307006836,0,2
서초구,서초네이처힐6단지,37.46184539794922,127.02626037597656,1,2
서초구,서초네이처힐7단지,37.46205520629883,127.02357482910156,0,2
서초구,서초더샵포레,37.453922271728516,127.0643310546875,1,4
서초구,서초동일하이빌,37.4915771484375,127.00830078125,0,1
서초구,서초롯데캐슬84,37.49260711669922,127.01841735839844,0,2
서초구,서초롯데캐슬프레지던트,37.49697494506836,127.01941680908203,0,2
서초구,서초리젠 아파트,37.48430633544922,127.01969909667969,0,2
서초구,서초아크빌,37.49068069458008,127.01284790039062,0,2
서초구,서초지사,37.48560333251953,127.028076171875,6,7
서초구,서초포레스타5단지,37.451141357421875,127.05768585205078,1,3
서초구,서초호반써밋아파트,37.45611572265625,127.01378631591797,1,2
서초구,서초힐스 아파트,37.45760726928711,127.01757049560547,1,3
서초구,신세계 강남점,37.504154205322266,127.00291442871094,2,0
서초구,아크로리버파크,37.50625228881836,126.99266815185547,0,1
서초구,양재하이브랜드,37.4633674621582,127.03701782226562,4,0
서초구,예술의 전당,37.479820251464844,127.01207733154297,1,0
서초구,월드메르디앙 아파트,37.49020004272461,127.01044464111328,1,0
서초구,잠원동방음언덕형 공영주차장,37.51599884033203,127.0162124633789,1,0
서초구,태남빌딩 주차장,37.508201599121094,127.0036392211914,1,0
서초구,한국연구재단,37.464996337890625,127.04570770263672,2,0
서초구,현대ESA아파트,37.49088668823242,127.02951049804688,0,1
서초구,현대멤피스(A),37.49464797973633,126.98887634277344,0,2
서초구,현대멤피스(B),37.49521255493164,126.98843383789062,0,2
성동구,e편한세상 금호파크힐스,37.55421447753906,127.02272033691406,1,3
성동구,광진성동지사,37.56784439086914,127.03402709960938,1,7
성동구,금호스포츠센터,37.545745849609375,127.02519226074219,1,0
성동구,금호자이1차,37.55234909057617,127.0231704711914,1,2
성동구,뚝섬유수지 공영주차장,37.550601959228516,127.04143524169922,11,0
성동구,리버그린동아 아파트,37.553321838378906,127.037353515625,1,2
성동구,서울 새활용플라자,37.558589935302734,127.0584945678711,2,0
성동구,서울숲M타워,37.54413986206055,127.04656982421875,2,0
성동구,서울숲SK V1 타워,37.547061920166016,127.05171203613281,6,0
성동구,서울숲푸르지오 아파트,37.545143127441406,127.0226821899414,1,0
성동구,성수2차대우 아파트,37.54827880859375,127.05042266845703,0,2
성동구,성수동아이파크 아파트,37.54695510864258,127.05728912353516,1,2
성동구,센트라스 1획지,37.5656623840332,127.02494812011719,1,3
성동구,센트라스 2획지,37.56663513183594,127.02413177490234,1,4
성동구,센트라스 3획지,37.56562042236328,127.02511596679688,1,1
성동구,센트라스 6획지,37.56535720825195,127.0285415649414,1,2
성동구,한양대학교,37.55702209472656,127.04716491699219,2,0
성동구,행당한진타운,37.555213928222656,127.02824401855469,2,2
성북구,고려대학교,37.588985443115234,127.03389739990234,2,0
성북구,고려대학교(자연과학),37.583587646484375,127.02635192871094,1,1
성북구,국민대학교,37.610015869140625,126.99691772460938,2,0
성북구,금호어울림 센터힐 아파트,37.60060119628906,127.02239990234375,1,2
성북구,길음래미안3차,37.60645294189453,127.02226257324219,1,0
성북구,꿈의숲대명루첸 아파트,37.62040328979492,127.04752349853516,1,2
성북구,대림 샹그레빌,37.59634780883789,127.04120635986328,1,2
성북구,돈암더샵아파트,37.597877502441406,127.01033020019531,1,0
성북구,돈암일신건영휴먼빌 아파트,37.60050582885742,127.01184844970703,1,1
성북구,돈암현대,37.60393524169922,127.02857208251953,0,2
성북구,동일하이빌뉴시티 아파트,37.604610443115234,127.03107452392578,1,2
성북구,래미안아트리지,37.606040954589844,127.06363677978516,0,10
성북구,보문하우스토리,37.58438491821289,127.02084350585938,0,1
성북구,브라운스톤돈암아파트,37.597049713134766,127.0185546875,1,1
성북구,삼선 SK뷰 아파트,37.5877685546875,127.01191711425781,1,2
성북구,삼선푸르지오 아파트,37.58341979980469,127.0138168334961,1,3
성북구,삼선힐스테이트,37.58356475830078,127.01113891601562,0,3
성북구,석관두산 아파트,37.612335205078125,127.06968688964844,2,0
성북구,성북동아에코빌아파트,37.607444763183594,127.0462417602539,1,3
성북구,정릉2차 e편한세상 아파트,37.600128173828125,127.01937866210938,1,3
성북구,정릉e편한세상 아파트,37.614891052246094,127.01022338867188,1,2
성북구,정릉풍림아이원,37.61878204345703,127.00727844238281,1,2
성북구,종암삼성래미안,37.60139465332031,127.02980041503906,1,0
성북구,한신휴아파트,37.59532928466797,127.01431274414062,1,0
성북구,현대백화점 미아점,37.60845184326172,127.02874755859375,4,0
송파구,가락2동 주민센터,37.498714447021484,127.12665557861328,1,0
송파구,가락시장,37.49351119995117,127.11648559570312,3,0
송파구,가락쌍용1차 아파트,37.49469757080078,127.12922668457031,2,4
송파구,가락우성2차 아파트,37.49201583862305,127.12547302246094,0,1
송파구,갤러리아팰리스,37.51152801513672,127.09459686279297,1,3
송파구,거여1단지 아파트,37.49091339111328,127.14456176757812,1,4
송파구,거여2동 주민센터,37.49356460571289,127.14697265625,1,0
송파구,거여4단지 아파트,37.489585876464844,127.14339447021484,1,3
송파구,거여5단지 아파트,37.48920822143555,127.14496612548828,1,3
송파구,더샵스타리버 아파트,37.517677307128906,127.10476684570312,1,0
송파구,레이크팰리스,37.50840759277344,127.0938720703125,2,6
송파구,리센츠 아파트,37.513160705566406,127.0903091430664,2,6
송파구,마천동1공영주차장,37.495182037353516,127.15556335449219,1,0
송파구,문정근린공원 공영주차장,37.48594284057617,127.12368774414062,1,0
송파구,문정래미안아파트,37.49089431762695,127.1302261352539,1,3
송파구,삼전동 공영주차장,37.500240325927734,127.09586334228516,1,0
송파구,송파공영주차장,37.50700759887695,127.11334991455078,1,0
송파구,송파구청,37.51447296142578,127.10546112060547,1,0
송파구,송파꿈에그린(위례24단지),37.475921630859375,127.13900756835938,2,5
송파구,송파더센트레,37.4793586730957,127.14018249511719,1,3
송파구,송파도서관,37.50101089477539,127.13404083251953,1,0
송파구,송파삼성래미안,37.50423049926758,127.11914825439453,1,3
송파구,송파성원상떼빌,37.4948844909668,127.1200942993164,1,2
송파구,송파와이즈더샵,37.47710418701172,127.1436538696289,0,2
송파구,송파파인타운10단지,37.47813415527344,127.13118743896484,1,2
송파구,송파파인타운1단지아파트,37.486541748046875,127.13441467285156,0,2
송파구,송파파인타운5단지,37.4796142578125,127.12972259521484,1,2
송파구,송파파인타운6단지 아파트,37.48056411743164,127.13199615478516,1,3
송파구,송파파인타운7단지,37.479095458984375,127.13075256347656,1,3
송파구,송파파인타운9단지,37.47823715209961,127.12873077392578,1,2
송파구,송파파크데일1단지 아파트,37.49878692626953,127.1581039428711,1,2
송파구,송파파크데일2단지,37.496337890625,127.15816497802734,1,2
송파구,송파현대힐스테이트,37.53124237060547,127.11825561523438,0,1
송파구,쌍용스윗닷홈 거여1차 아파트,37.491825103759766,127.1467056274414,0,2
송파구,위례 포레샤인 23단지,37.47616958618164,127.13533020019531,2,6
송파구,위례송파푸르지오 아파트,37.48020935058594,127.13976287841797,1,0
송파구,위례스타힐스,37.481502532958984,127.14366912841797,1,3
송파구,잠실롯데캐슬골드 아파트,37.51428985595703,127.10176086425781,1,2
송파구,잠실파크인수,37.50473403930664,127.08773803710938,0,1
송파구,잠실한양3차 아파트,37.505977630615234,127.12297058105469,0,1
송파구,풍납쌍용,37.5277214050293,127.11810302734375,1,2
송파구,한강극동아파트,37.52907180786133,127.11161041259766,1,1
송파구,한국광고문화회관,37.515907287597656,127.09959411621094,1,0
양천구,가로공원 공영주차장,37.535987854003906,126.82904052734375,1,0
양천구,강서수도사업소,37.519535064697266,126.86991119384766,1,0
양천구,강서양천지사,37.51930618286133,126.86845397949219,1,7
양천구,경창시장 고객주차장,37.52385711669922,126.84239196777344,1,0
양천구,등마루 공영주차장,37.54592514038086,126.86548614501953,1,0
양천구,목4동현대 아파트,37.5382080078125,126.87003326416016,0,2
양천구,목동 현대하이페리온2아파트,37.524391174316406,126.87006378173828,1,3
양천구,목동2차우성아파트,37.50749206542969,126.86658477783203,1,0
양천구,목동삼성쉐르빌1,37.52294158935547,126.87012481689453,1,1
양천구,목동트윈빌,37.53217697143555,126.87673950195312,1,2
양천구,목동힐스테이트아파트,37.520774841308594,126.85594940185547,1,1
양천구,부영그린타운2차,37.536376953125,126.8811264038086,0,2
양천구,서울에너지공사 주차장,37.54011535644531,126.8837661743164,4,0
양천구,신월코아루1단지아파트,37.53184509277344,126.82982635498047,0,3
양천구,신월해주 아파트,37.52705764770508,126.83464050292969,0,2
양천구,신정뉴타운두산위브아파트,37.5129508972168,126.84541320800781,1,0
양천구,신정동일하이빌아파트1단지,37.51185989379883,126.83912658691406,0,1
양천구,신정동일하이빌아파트2단지,37.51084518432617,126.8401870727539,0,1
양천구,신정숲속마을아파트,37.50612258911133,126.83393096923828,1,0
양천구,신정이펜하우스 2단지,37.515689849853516,126.83073425292969,0,3
양천구,양천구청 지하주차장,37.51710510253906,126.86630249023438,2,0
양천구,양천벽산블루밍 아파트,37.52511978149414,126.8388671875,1,2
양천구,우당 아파트,37.52306365966797,126.84784698486328,0,2
양천구,푸른마을2단지,37.51350784301758,126.83491516113281,1,1
양천구,한국방송광고진흥공사,37.52695846557617,126.87150573730469,1,0
영등포구,국회의사당,37.53269577026367,126.91421508789062,0,3
영등포구,남서울직할,37.52729034423828,126.92985534667969,2,8
영등포구,남서울직할(영등포)지사,37.51990509033203,126.89351654052734,0,5
영등포구,당산근린지하공영주차장,37.5255126953125,126.89576721191406,2,0
영등포구,당산대우 아파트,37.5211296081543,126.8933334350586,1,2
영등포구,대림동현대3차 아파트,37.50552749633789,126.895751953125,1,4
영등포구,대림어린이공원 공영주차장,37.491085052490234,126.90335083007812,1,0
영등포구,대림운동장 공영주차장,37.49906921386719,126.89420318603516,1,0
영등포구,롯데캐슬엠파이어,37.520240783691406,126.92640686035156,1,2
영등포구,문래건영아파트,37.51827621459961,126.89253997802734,0,3
영등포구,문래금호어울림 아파트,37.5191764831543,126.89750671386719,0,1
영등포구,문래자이아파트,37.51627731323242,126.89739227294922,1,2
영등포구,문래힐스테이트,37.51871871948242,126.89106750488281,0,8
영등포구,바다마을아파트,37.50276184082031,126.91541290283203,0,4
영등포구,보라매벚꽃마을아파트,37.49592208862305,126.91019439697266,0,1
영등포구,서울영등포우체국,37.529624938964844,126.89495849609375,2,0
영등포구,신길경남 아파트,37.51555633544922,126.91825866699219,1,2
영등포구,신길뉴타운한화꿈에그린,37.503509521484375,126.90970611572266,0,2
영등포구,신길삼성래미안,37.5051383972168,126.91459655761719,1,2
영등포구,양평한신아파트,37.540069580078125,126.89202117919922,1,1
영등포구,"여의도KBS (본관,신관)",37.52517318725586,126.91722869873047,4,0
영등포구,영등포구민회관,37.52614212036133,126.90003204345703,2,0
영등포구,영등포레미안 아파트,37.504940032958984,126.90740203857422,1,3
영등포구,영등포아트자이 아파트,37.51039505004883,126.90017700195312,1,3
영등포구,영등포전력지사,37.51736831665039,126.91023254394531,1,2
용산구,LG한강자이 아파트,37.51927947998047,126.97077941894531,1,3
용산구,국립 중앙 박물관,37.52456283569336,126.97721099853516,3,0
용산구,대우월드마크용산,37.537174224853516,126.97298431396484,0,5
용산구,동아그린 아파트,37.52316665649414,126.95789337158203,1,2
용산구,래미안첼리투스,37.516746520996094,126.97943115234375,1,2
용산구,리첸시아 아파트,37.53827667236328,126.96743774414062,1,0
용산구,리첸시아용산B블록,37.53794860839844,126.96833038330078,0,2
용산구,용산더프라임,37.53969192504883,126.96993255615234,1,1
용산구,용산시티파크1단지,37.52434158325195,126.97039031982422,1,0
용산구,용산아크로타워,37.53683090209961,126.96861267089844,0,2
용산구,용산역 아이파크몰,37.530548095703125,126.96516418457031,10,11
용산구,용산이안 아파트,37.53715515136719,126.96957397460938,0,2
용산구,용산전자상가1 공영주차장,37.531768798828125,126.96512603759766,1,0
용산구,용산파크자이아파트,37.53663635253906,126.97259521484375,0,5
용산구,용산한신 아파트,37.540130615234375,126.98676300048828,0,2
용산구,이안용산프리미어,37.538448333740234,126.97042846679688,1,2
용산구,전쟁기념관,37.5367546081543,126.97715759277344,3,0
용산구,청암자이 아파트,37.53483963012695,126.94721221923828,1,2
용산구,파크타워 아파트,37.52451705932617,126.97065734863281,1,3
용산구,프라임팰리스,37.53668975830078,126.96959686279297,0,1
용산구,한강대우,37.52251052856445,126.97008514404297,1,2
용산구,한남동현대하이페리온,37.52751159667969,127.0050048828125,0,2
은평구,꿈에그린,37.6397705078125,126.919921875,0,2
은평구,서대문은평지사,37.60544204711914,126.93357849121094,1,3
은평구,서울특별시은평병원 주차장,37.5943717956543,126.9234619140625,1,0
은평구,은평뉴타운우물골6단지,37.63523864746094,126.92497253417969,1,2
은평구,은평스카이뷰자이아파트,37.63490295410156,126.91779327392578,0,3
은평구,은평평화공원 공영주차장,37.60498046875,126.9230728149414,1,0
은평구,응암3동 공영주차장,37.593536376953125,126.91522979736328,1,0
은평구,한국프라우드아파트,37.60627365112305,126.91569519042969,0,1
종로구,SK렌터카 본사,37.56947326660156,126.9872055053711,1,2
종로구,경희궁의아침3단지 아파트,37.573368072509766,126.97227478027344,0,2
종로구,광화문스페이스본 아파트,37.574241638183594,126.96871185302734,1,3
종로구,동성빌라,37.61163330078125,126.95866394042969,0,1
종로구,명륜아남1차 아파트,37.58563232421875,126.99956512451172,1,2
종로구,무악현대 아파트,37.5750732421875,126.95993041992188,1,3
종로구,석탄회관,37.572818756103516,126.98021697998047,1,0
종로구,인왕산2차아이파크,37.575767517089844,126.95953369140625,0,2
종로구,종로센트레빌,37.58062744140625,127.01622009277344,1,0
종로구,창신두산 아파트,37.57421875,127.01431274414062,1,2
종로구,창신쌍용2단지 아파트,37.58027267456055,127.01182556152344,1,1
종로구,창신이수 아파트,37.57787322998047,127.01454162597656,0,2
종로구,효성주얼리시티,37.571414947509766,126.9986572265625,0,2
중구,LIG서울역리가아파트,37.55597686767578,126.96693420410156,0,2
중구,국립중앙극장,37.55287170410156,127.00012969970703,3,0
중구,남산롯데캐슬아이리스 아파트,37.55821990966797,126.98211669921875,1,0
중구,남산센트럴자이,37.562469482421875,126.9978256225586,0,2
중구,남산케이블카,37.55641555786133,126.98458862304688,1,0
중구,남산타운 아파트,37.54665756225586,127.00650787353516,2,6
중구,덕수궁 롯데캐슬,37.563697814941406,126.97025299072266,0,2
중구,롯데캐슬베네치아,37.571041107177734,127.02098846435547,2,2
중구,묵정공원 공영주차장,37.56391525268555,127.00028228759766,2,0
중구,서울시청,37.56637191772461,126.97782135009766,2,0
중구,서울역(한화역사),37.554656982421875,126.97151947021484,2,0
중구,서울전력관리처,37.560733795166016,126.98779296875,1,2
중구,서울직할,37.56520080566406,126.98333740234375,2,5
중구,신세계 본점,37.5609130859375,126.9810791015625,2,0
중구,쌍용남산플래티넘 아파트,37.55941390991211,126.98322296142578,1,1
중구,약수동공영주차장,37.55215835571289,127.01314544677734,2,0
중구,전국은행연합회,37.564945220947266,126.98555755615234,3,0
중구,한국관광공사 옆 노상 공영주차장,37.5682258605957,126.98196411132812,3,0
중랑구,동대문중랑지사,37.607357025146484,127.0794906616211,1,6
중랑구,면목3동 공영주차장,37.580936431884766,127.09346771240234,1,0
중랑구,"면목두산2,3차 아파트",37.57994079589844,127.0828628540039,1,2
중랑구,"면목두산4,5단지 아파트",37.5782585144043,127.08149719238281,1,2
중랑구,면목두원 아파트,37.573238372802734,127.08002471923828,0,2
중랑구,묵동자이1단지 아파트,37.61507034301758,127.07780456542969,1,2
중랑구,묵동자이2단지 아파트,37.6135368347168,127.07758331298828,1,2
중랑구,브라운스톤태릉 아파트,37.61875915527344,127.08319854736328,1,0
중랑구,상봉우정 아파트,37.59917449951172,127.0886001586914,1,1
중랑구,신내7단지진로아파트,37.613765716552734,127.09324645996094,1,1
중랑구,신내LG쌍용아파트,37.603187561035156,127.09037780761719,1,1
중랑구,신내건영1차 아파트,37.60409164428711,127.09351348876953,0,1
중랑구,신내우디안1단지,37.61590576171875,127.10640716552734,1,2
중랑구,신내테크노타운,37.60400390625,127.08773803710938,1,0
중랑구,우림골목시장 주차장,37.59675598144531,127.09827423095703,1,0
중랑구,중랑숲리가 아파트,37.60279846191406,127.10558319091797,1,2
중랑구,중랑해모로 아파트,37.60296630859375,127.11019134521484,0,2
중랑구,태릉시장 중화공영주차장,37.5975341796875,127.07477569580078,2,0
중랑구,한일써너스빌 아파트,37.597381591796875,127.09154510498047,1,1
